<annotation verified="yes">
	<folder>Dataset</folder>
	<filename>paper511.jpg</filename>
	<path>C:\Users\ABIN\Desktop\Dataset\paper511.jpg</path>
	<source>
		<database>Unknown</database>
	</source>
	<size>
		<width>512</width>
		<height>384</height>
		<depth>3</depth>
	</size>
	<segmented>0</segmented>
	<object>
		<name>paper</name>
		<pose>Unspecified</pose>
		<truncated>0</truncated>
		<difficult>0</difficult>
		<bndbox>
			<xmin>54</xmin>
			<ymin>84</ymin>
			<xmax>484</xmax>
			<ymax>312</ymax>
		</bndbox>
	</object>
</annotation>
