<annotation verified="yes">
	<folder>Dataset</folder>
	<filename>paper506.jpg</filename>
	<path>C:\Users\ABIN\Desktop\Dataset\paper506.jpg</path>
	<source>
		<database>Unknown</database>
	</source>
	<size>
		<width>512</width>
		<height>384</height>
		<depth>3</depth>
	</size>
	<segmented>0</segmented>
	<object>
		<name>paper</name>
		<pose>Unspecified</pose>
		<truncated>0</truncated>
		<difficult>0</difficult>
		<bndbox>
			<xmin>22</xmin>
			<ymin>14</ymin>
			<xmax>425</xmax>
			<ymax>364</ymax>
		</bndbox>
	</object>
</annotation>
