<annotation verified="yes">
	<folder>Dataset</folder>
	<filename>plastic23.jpg</filename>
	<path>C:\Users\ABIN\Desktop\Dataset\plastic23.jpg</path>
	<source>
		<database>Unknown</database>
	</source>
	<size>
		<width>512</width>
		<height>384</height>
		<depth>3</depth>
	</size>
	<segmented>0</segmented>
	<object>
		<name>plastic</name>
		<pose>Unspecified</pose>
		<truncated>0</truncated>
		<difficult>0</difficult>
		<bndbox>
			<xmin>179</xmin>
			<ymin>105</ymin>
			<xmax>347</xmax>
			<ymax>262</ymax>
		</bndbox>
	</object>
</annotation>
