<annotation verified="yes">
	<folder>Dataset</folder>
	<filename>plastic6.jpg</filename>
	<path>C:\Users\ABIN\Desktop\Dataset\plastic6.jpg</path>
	<source>
		<database>Unknown</database>
	</source>
	<size>
		<width>512</width>
		<height>384</height>
		<depth>3</depth>
	</size>
	<segmented>0</segmented>
	<object>
		<name>plastic</name>
		<pose>Unspecified</pose>
		<truncated>0</truncated>
		<difficult>0</difficult>
		<bndbox>
			<xmin>100</xmin>
			<ymin>44</ymin>
			<xmax>329</xmax>
			<ymax>344</ymax>
		</bndbox>
	</object>
</annotation>
